Workbook

Sheet Inicio
A1: Campanha 2 KAVIX ARCADE: 100 reels (foco em conversão)
A3: Data de início (Dia 1): | C3: ← digite a data aqui (ex.: 01/12/2026)
A5: Posts por dia | B5: 4, às 09:00, 12:30, 17:00 e 20:30 (horário de Brasília)
A6: Total | B6: 100 posts em 25 dias
A7: Redes | B7: Instagram (Reels), Facebook (Reels), TikTok, YouTube (Shorts): o mesmo vídeo nas 4, no mesmo horário
A8: Último dia | B8: =IF(B3="","(defina a data de início)",B3+24) -> (defina a data de início)
A9: Vídeos | B9: Coluna url_download da aba Calendario (link direto do arquivo .mp4)
A10: Agendar em | B10: Meta Business Suite (Instagram + Facebook), TikTok Studio, YouTube Studio (sem Buffer)
A11: Limites | B11: TikTok agenda até 10 dias à frente (fazer em lotes); Meta até 29 dias; YouTube tem limite diário de envios

Sheet Calendario
A1: n | B1: dia_campanha | C1: data | D1: hora | E1: data_hora | F1: formato | G1: assunto | H1: arquivo | I1: url_download | J1: legenda_instagram_facebook | K1: legenda_tiktok | L1: titulo_youtube | M1: descricao_youtube
A2: 1 | B2: 1 | C2: =IF(Inicio!$B$3="","",Inicio!$B$3+B2-1) | D2: 09:00 | E2: =IF(C2="","",TEXT(C2,"YYYY-MM-DD")&"T"&D2&":00-03:00") | F2: desafio | G2: Escudo | H2: videos/001_desafio_escudo.mp4 | I2: https://raw.githubusercontent.com/joaopx20-source/automaton/claude/kavix-promotional-videos-e6f1vd/promo/kavix/campanha2/videos/001_desafio_escudo.mp4 | J2: DESAFIO: faz 30 pontos no Escudo 😤 quem passar é lenda 👑 Sem baixar nada: abre kavixbrasil.com.br e joga 🎮 #kavix #kavixarcade #fyp #foryou #trend #roblox #robloxedit #robloxfyp #mobilegames #jogosdecelular | K2: DESAFIO: faz 30 pontos no Escudo 😤 quem passar é lenda 👑 Sem baixar nada: abre kavixbrasil.com.br e joga 🎮 #kavix #kavixarcade #fyp #foryou #trend #roblox #robloxedit #robloxfyp #mobilegames #jogosdecelular | L2: DESAFIO: faz 30 pontos no Escudo 😤 quem passar é lenda 👑 #shorts | M2: DESAFIO: faz 30 pontos no Escudo 😤 quem passar é lenda 👑 Sem baixar nada: abre kavixbrasil.com.br e joga 🎮 #kavix #kavixarcade #fyp #foryou #trend #roblox #robloxedit #robloxfyp #mobilegames #jogosdecelular #shorts
A3: 2 | B3: 1 | C3: =IF(Inicio!$B$3="","",Inicio!$B$3+B3-1) | D3: 12:30 | E3: =IF(C3="","",TEXT(C3,"YYYY-MM-DD")&"T"&D3&":00-03:00") | F3: meme | G3: bateria | H3: videos/002_meme_bateria.mp4 | I3: https://raw.githubusercontent.com/joaopx20-source/automaton/claude/kavix-promotional-videos-e6f1vd/promo/kavix/campanha2/videos/002_meme_bateria.mp4 | J3: bateria 5% / eu tentando bater o recorde: 😭 Cria tua conta grátis e ganha itens exclusivos 🎁 link na bio #kavix #kavixarcade #foryou #trend #viralvideo #robloxbrasil #robloxfyp #minigames #mobilegames | K3: bateria 5% / eu tentando bater o recorde: 😭 Cria tua conta grátis e ganha itens exclusivos 🎁 link na bio #kavix #kavixarcade #foryou #trend #viralvideo #robloxbrasil #robloxfyp #minigames #mobilegames | L3: bateria 5% / eu tentando bater o recorde: 😭 #shorts | M3: bateria 5% / eu tentando bater o recorde: 😭 Cria tua conta grátis e ganha itens exclusivos 🎁 link na bio #kavix #kavixarcade #foryou #trend #viralvideo #robloxbrasil #robloxfyp #minigames #mobilegames #shorts
A4: 3 | B4: 1 | C4: =IF(Inicio!$B$3="","",Inicio!$B$3+B4-1) | D4: 17:00 | E4: =IF(C4="","",TEXT(C4,"YYYY-MM-DD")&"T"&D4&":00-03:00") | F4: skin_do_dia | G4: Coroa Suprema | H4: videos/003_skin_do_dia_coroa_suprema.mp4 | I4: https://raw.githubusercontent.com/joaopx20-source/automaton/claude/kavix-promotional-videos-e6f1vd/promo/kavix/campanha2/videos/003_skin_do_dia_coroa_suprema.mp4 | J4: skin do dia: Coroa Suprema (Lendário) ✨ 30 jogos no celular e no PC 🔗 kavixbrasil.com.br #kavix #kavixarcade #explore #trend #fyp #roblox #robloxedit #robloxfyp #gamerbrasil #mobilegames | K4: skin do dia: Coroa Suprema (Lendário) ✨ 30 jogos no celular e no PC 🔗 kavixbrasil.com.br #kavix #kavixarcade #explore #trend #fyp #roblox #robloxedit #robloxfyp #gamerbrasil #mobilegames | L4: skin do dia: Coroa Suprema (Lendário) ✨ #shorts | M4: skin do dia: Coroa Suprema (Lendário) ✨ 30 jogos no celular e no PC 🔗 kavixbrasil.com.br #kavix #kavixarcade #explore #trend #fyp #roblox #robloxedit #robloxfyp #gamerbrasil #mobilegames #shorts
A5: 4 | B5: 1 | C5: =IF(Inicio!$B$3="","",Inicio!$B$3+B5-1) | D5: 20:30 | E5: =IF(C5="","",TEXT(C5,"YYYY-MM-DD")&"T"&D5&":00-03:00") | F5: pergunta | G5: funciona no celular? | H5: videos/004_pergunta_funciona_no_celular.mp4 | I5: https://raw.githubusercontent.com/joaopx20-source/automaton/claude/kavix-promotional-videos-e6f1vd/promo/kavix/campanha2/videos/004_pergunta_funciona_no_celular.mp4 | J5: funciona no celular? funciona! é só abrir o site 📱 Salva esse vídeo e joga depois 📌 kavixbrasil.com.br #kavix #kavixarcade #paravoce #viralvideo #trend #roblox #robloxedit #jogosgratis #jogosonline | K5: funciona no celular? funciona! é só abrir o site 📱 Salva esse vídeo e joga depois 📌 kavixbrasil.com.br #kavix #kavixarcade #paravoce #viralvideo #trend #roblox #robloxedit #jogosgratis #jogosonline | L5: funciona no celular? funciona! é só abrir o site 📱 #shorts | M5: funciona no celular? funciona! é só abrir o site 📱 Salva esse vídeo e joga depois 📌 kavixbrasil.com.br #kavix #kavixarcade #paravoce #viralvideo #trend #roblox #robloxedit #jogosgratis #jogosonline #shorts
A6: 5 | B6: 2 | C6: =IF(Inicio!$B$3="","",Inicio!$B$3+B6-1) | D6: 09:00 | E6: =IF(C6="","",TEXT(C6,"YYYY-MM-DD")&"T"&D6&":00-03:00") | F6: desafio | G6: Memória | H6: videos/005_desafio_memoria.mp4 | I6: https://raw.githubusercontent.com/joaopx20-source/automaton/claude/kavix-promotional-videos-e6f1vd/promo/kavix/campanha2/videos/005_desafio_memoria.mp4 | J6: DESAFIO: faz 15 pontos no Memória 😤 marca quem consegue 👇 Joga agora 👉 kavixbrasil.com.br (link na bio) #kavix #kavixarcade #foryou #paravoce #fyp #robloxedit #roblox #robloxgames #jogosonline #gamerbrasil | K6: DESAFIO: faz 15 pontos no Memória 😤 marca quem consegue 👇 Joga agora 👉 kavixbrasil.com.br (link na bio) #kavix #kavixarcade #foryou #paravoce #fyp #robloxedit #roblox #robloxgames #jogosonline #gamerbrasil | L6: DESAFIO: faz 15 pontos no Memória 😤 marca quem consegue 👇 #shorts | M6: DESAFIO: faz 15 pontos no Memória 😤 marca quem consegue 👇 Joga agora 👉 kavixbrasil.com.br (link na bio) #kavix #kavixarcade #foryou #paravoce #fyp #robloxedit #roblox #robloxgames #jogosonline #gamerbrasil #shorts
A7: 6 | B7: 2 | C7: =IF(Inicio!$B$3="","",Inicio!$B$3+B7-1) | D7: 12:30 | E7: =IF(C7="","",TEXT(C7,"YYYY-MM-DD")&"T"&D7&":00-03:00") | F7: duelo_skins | G7: Coroa vs Óculos Espelhados | H7: videos/006_duelo_skins_coroa_vs_oculos_espelhados.mp4 | I7: https://raw.githubusercontent.com/joaopx20-source/automaton/claude/kavix-promotional-videos-e6f1vd/promo/kavix/campanha2/videos/006_duelo_skins_coroa_vs_oculos_espelhados.mp4 | J7: Coroa ou Óculos Espelhados? qual é mais bonita? 👇 Sem baixar nada: abre kavixbrasil.com.br e joga 🎮 #kavix #kavixarcade #fyp #paravoce #foryou #robloxbrasil #roblox #jogosgratis #jogosonline | K7: Coroa ou Óculos Espelhados? qual é mais bonita? 👇 Sem baixar nada: abre kavixbrasil.com.br e joga 🎮 #kavix #kavixarcade #fyp #paravoce #foryou #robloxbrasil #roblox #jogosgratis #jogosonline | L7: Coroa ou Óculos Espelhados? qual é mais bonita? 👇 #shorts | M7: Coroa ou Óculos Espelhados? qual é mais bonita? 👇 Sem baixar nada: abre kavixbrasil.com.br e joga 🎮 #kavix #kavixarcade #fyp #paravoce #foryou #robloxbrasil #roblox #jogosgratis #jogosonline #shorts
A8: 7 | B8: 2 | C8: =IF(Inicio!$B$3="","",Inicio!$B$3+B8-1) | D8: 17:00 | E8: =IF(C8="","",TEXT(C8,"YYYY-MM-DD")&"T"&D8&":00-03:00") | F8: tutorial | G8: passos_5 | H8: videos/007_tutorial_passos_5.mp4 | I8: https://raw.githubusercontent.com/joaopx20-source/automaton/claude/kavix-promotional-videos-e6f1vd/promo/kavix/campanha2/videos/007_tutorial_passos_5.mp4 | J8: como jogar em 3 passos 👇 cria tua conta 📝 → veste tua bolinha 👕 → desafia teus amigos 😤 Cria tua conta grátis e ganha itens exclusivos 🎁 link na bio #kavix #kavixarcade #foryou #fyp #viral #robloxbrasil #robloxedit #roblox #jogosgratis #minigames | K8: como jogar em 3 passos 👇 cria tua conta 📝 → veste tua bolinha 👕 → desafia teus amigos 😤 Cria tua conta grátis e ganha itens exclusivos 🎁 link na bio #kavix #kavixarcade #foryou #fyp #viral #robloxbrasil #robloxedit #roblox #jogosgratis #minigames | L8: como jogar em 3 passos 👇 cria tua conta 📝 → veste tua bolinha 👕 → desafia teus a #shorts | M8: como jogar em 3 passos 👇 cria tua conta 📝 → veste tua bolinha 👕 → desafia teus amigos 😤 Cria tua conta grátis e ganha itens exclusivos 🎁 link na bio #kavix #kavixarcade #foryou #fyp #viral #robloxbrasil #robloxedit #roblox #jogosgratis #minigames #shorts
A9: 8 | B9: 2 | C9: =IF(Inicio!$B$3="","",Inicio!$B$3+B9-1) | D9: 20:30 | E9: =IF(C9="","",TEXT(C9,"YYYY-MM-DD")&"T"&D9&":00-03:00") | F9: tier_list | G9: tier list dos mais viciantes | H9: videos/008_tier_list_tier_list_dos_mais_viciantes.mp4 | I9: https://raw.githubusercontent.com/joaopx20-source/automaton/claude/kavix-promotional-videos-e6f1vd/promo/kavix/campanha2/videos/008_tier_list_tier_list_dos_mais_viciantes.mp4 | J9: tier list dos mais viciantes 🔥 concorda? 30 jogos no celular e no PC 🔗 kavixbrasil.com.br #kavix #kavixarcade #explore #paravoce #trend #robloxfyp #robloxedit #jogosdecelular #minigames | K9: tier list dos mais viciantes 🔥 concorda? 30 jogos no celular e no PC 🔗 kavixbrasil.com.br #kavix #kavixarcade #explore #paravoce #trend #robloxfyp #robloxedit #jogosdecelular #minigames | L9: tier list dos mais viciantes 🔥 concorda? #shorts | M9: tier list dos mais viciantes 🔥 concorda? 30 jogos no celular e no PC 🔗 kavixbrasil.com.br #kavix #kavixarcade #explore #paravoce #trend #robloxfyp #robloxedit #jogosdecelular #minigames #shorts
A10: 9 | B10: 3 | C10: =IF(Inicio!$B$3="","",Inicio!$B$3+B10-1) | D10: 09:00 | E10: =IF(C10="","",TEXT(C10,"YYYY-MM-DD")&"T"&D10&":00-03:00") | F10: desafio | G10: Trampolim | H10: videos/009_desafio_trampolim.mp4 | I10: https://raw.githubusercontent.com/joaopx20-source/automaton/claude/kavix-promotional-videos-e6f1vd/promo/kavix/campanha2/videos/009_desafio_trampolim.mp4 | J10: DESAFIO: faz 20 pontos no Trampolim 😤 duvido tu bater 😤 Salva esse vídeo e joga depois 📌 kavixbrasil.com.br #kavix #kavixarcade #foryou #viral #paravoce #robloxbrasil #robloxfyp #robloxedit #mobilegames #jogosgratis | K10: DESAFIO: faz 20 pontos no Trampolim 😤 duvido tu bater 😤 Salva esse vídeo e joga depois 📌 kavixbrasil.com.br #kavix #kavixarcade #foryou #viral #paravoce #robloxbrasil #robloxfyp #robloxedit #mobilegames #jogosgratis | L10: DESAFIO: faz 20 pontos no Trampolim 😤 duvido tu bater 😤 #shorts | M10: DESAFIO: faz 20 pontos no Trampolim 😤 duvido tu bater 😤 Salva esse vídeo e joga depois 📌 kavixbrasil.com.br #kavix #kavixarcade #foryou #viral #paravoce #robloxbrasil #robloxfyp #robloxedit #mobilegames #jogosgratis #shorts
A11: 10 | B11: 3 | C11: =IF(Inicio!$B$3="","",Inicio!$B$3+B11-1) | D11: 12:30 | E11: =IF(C11="","",TEXT(C11,"YYYY-MM-DD")&"T"&D11&":00-03:00") | F11: meme | G11: aula | H11: videos/010_meme_aula.mp4 | I11: https://raw.githubusercontent.com/joaopx20-source/automaton/claude/kavix-promotional-videos-e6f1vd/promo/kavix/campanha2/videos/010_meme_aula.mp4 | J11: o professor explicando / eu no intervalo: 😭 Joga agora 👉 kavixbrasil.com.br (link na bio) #kavix #kavixarcade #fyp #viral #trend #robloxfyp #roblox #gamerbrasil #jogosgratis | K11: o professor explicando / eu no intervalo: 😭 Joga agora 👉 kavixbrasil.com.br (link na bio) #kavix #kavixarcade #fyp #viral #trend #robloxfyp #roblox #gamerbrasil #jogosgratis | L11: o professor explicando / eu no intervalo: 😭 #shorts | M11: o professor explicando / eu no intervalo: 😭 Joga agora 👉 kavixbrasil.com.br (link na bio) #kavix #kavixarcade #fyp #viral #trend #robloxfyp #roblox #gamerbrasil #jogosgratis #shorts
A12: 11 | B12: 3 | C12: =IF(Inicio!$B$3="","",Inicio!$B$3+B12-1) | D12: 17:00 | E12: =IF(C12="","",TEXT(C12,"YYYY-MM-DD")&"T"&D12&":00-03:00") | F12: desafio | G12: Ricochete | H12: videos/011_desafio_ricochete.mp4 | I12: https://raw.githubusercontent.com/joaopx20-source/automaton/claude/kavix-promotional-videos-e6f1vd/promo/kavix/campanha2/videos/011_desafio_ricochete.mp4 | J12: DESAFIO: faz 20 pontos no Ricochete 😤 duvido tu bater 😤 Sem baixar nada: abre kavixbrasil.com.br e joga 🎮 #kavix #kavixarcade #explore #trend #foryou #robloxedit #robloxgames #robloxfyp #jogosgratis #jogosonline | K12: DESAFIO: faz 20 pontos no Ricochete 😤 duvido tu bater 😤 Sem baixar nada: abre kavixbrasil.com.br e joga 🎮 #kavix #kavixarcade #explore #trend #foryou #robloxedit #robloxgames #robloxfyp #jogosgratis #jogosonline | L12: DESAFIO: faz 20 pontos no Ricochete 😤 duvido tu bater 😤 #shorts | M12: DESAFIO: faz 20 pontos no Ricochete 😤 duvido tu bater 😤 Sem baixar nada: abre kavixbrasil.com.br e joga 🎮 #kavix #kavixarcade #explore #trend #foryou #robloxedit #robloxgames #robloxfyp #jogosgratis #jogosonline #shorts
A13: 12 | B13: 3 | C13: =IF(Inicio!$B$3="","",Inicio!$B$3+B13-1) | D13: 20:30 | E13: =IF(C13="","",TEXT(C13,"YYYY-MM-DD")&"T"&D13&":00-03:00") | F13: pergunta | G13: quantos jogos tem? | H13: videos/012_pergunta_quantos_jogos_tem.mp4 | I13: https://raw.githubusercontent.com/joaopx20-source/automaton/claude/kavix-promotional-videos-e6f1vd/promo/kavix/campanha2/videos/012_pergunta_quantos_jogos_tem.mp4 | J13: quantos jogos tem? 30 jogos e contando 🔥 Cria tua conta grátis e ganha itens exclusivos 🎁 link na bio #kavix #kavixarcade #foryou #trend #explore #robloxgames #robloxedit #jogosgratis #minigames | K13: quantos jogos tem? 30 jogos e contando 🔥 Cria tua conta grátis e ganha itens exclusivos 🎁 link na bio #kavix #kavixarcade #foryou #trend #explore #robloxgames #robloxedit #jogosgratis #minigames | L13: quantos jogos tem? 30 jogos e contando 🔥 #shorts | M13: quantos jogos tem? 30 jogos e contando 🔥 Cria tua conta grátis e ganha itens exclusivos 🎁 link na bio #kavix #kavixarcade #foryou #trend #explore #robloxgames #robloxedit #jogosgratis #minigames #shorts
... A101: 100 | B101: 25 | C101: =IF(Inicio!$B$3="","",Inicio!$B$3+B101-1) | D101: 20:30 | E101: =IF(C101="","",TEXT(C101,"YYYY-MM-DD")&"T"&D101&":00-03:00") | F101: desafio | G101: Equilíbrio | H101: videos/100_desafio_equilibrio.mp4 | I101: https://raw.githubusercontent.com/joaopx20-source/automaton/claude/kavix-promotional-videos-e6f1vd/promo/kavix/campanha2/videos/100_desafio_equilibrio.mp4 | J101: DESAFIO: faz 10 pontos no Equilíbrio 😤 manda print nos comentários 📸 Joga agora 👉 kavixbrasil.com.br (link na bio) #kavix #kavixarcade #fyp #trend #foryou #robloxbrasil #robloxedit #jogosgratis #jogosonline | K101: DESAFIO: faz 10 pontos no Equilíbrio 😤 manda print nos comentários 📸 Joga agora 👉 kavixbrasil.com.br (link na bio) #kavix #kavixarcade #fyp #trend #foryou #robloxbrasil #robloxedit #jogosgratis #jogosonline | L101: DESAFIO: faz 10 pontos no Equilíbrio 😤 manda print nos comentários 📸 #shorts | M101: DESAFIO: faz 10 pontos no Equilíbrio 😤 manda print nos comentários 📸 Joga agora 👉 kavixbrasil.com.br (link na bio) #kavix #kavixarcade #fyp #trend #foryou #robloxbrasil #robloxedit #jogosgratis #jogosonline #shorts

Sheet Controle
A1: n | B1: data | C1: hora | D1: Instagram | E1: Facebook | F1: TikTok | G1: YouTube | H1: observação | J1: Agendados (total) | K1: =COUNTIF(D2:G101,"agendado")+COUNTIF(D2:G101,"publicado") -> 0
A2: =Calendario!A2 -> 1 | B2: =Calendario!C2 | C2: =Calendario!D2 -> 09:00 | D2: pendente | E2: pendente | F2: pendente | G2: pendente | J2: Pendentes | K2: =COUNTIF(D2:G101,"pendente") -> 400
A3: =Calendario!A3 -> 2 | B3: =Calendario!C3 | C3: =Calendario!D3 -> 12:30 | D3: pendente | E3: pendente | F3: pendente | G3: pendente
A4: =Calendario!A4 -> 3 | B4: =Calendario!C4 | C4: =Calendario!D4 -> 17:00 | D4: pendente | E4: pendente | F4: pendente | G4: pendente
A5: =Calendario!A5 -> 4 | B5: =Calendario!C5 | C5: =Calendario!D5 -> 20:30 | D5: pendente | E5: pendente | F5: pendente | G5: pendente
A6: =Calendario!A6 -> 5 | B6: =Calendario!C6 | C6: =Calendario!D6 -> 09:00 | D6: pendente | E6: pendente | F6: pendente | G6: pendente
A7: =Calendario!A7 -> 6 | B7: =Calendario!C7 | C7: =Calendario!D7 -> 12:30 | D7: pendente | E7: pendente | F7: pendente | G7: pendente
A8: =Calendario!A8 -> 7 | B8: =Calendario!C8 | C8: =Calendario!D8 -> 17:00 | D8: pendente | E8: pendente | F8: pendente | G8: pendente
A9: =Calendario!A9 -> 8 | B9: =Calendario!C9 | C9: =Calendario!D9 -> 20:30 | D9: pendente | E9: pendente | F9: pendente | G9: pendente
A10: =Calendario!A10 -> 9 | B10: =Calendario!C10 | C10: =Calendario!D10 -> 09:00 | D10: pendente | E10: pendente | F10: pendente | G10: pendente
A11: =Calendario!A11 -> 10 | B11: =Calendario!C11 | C11: =Calendario!D11 -> 12:30 | D11: pendente | E11: pendente | F11: pendente | G11: pendente
A12: =Calendario!A12 -> 11 | B12: =Calendario!C12 | C12: =Calendario!D12 -> 17:00 | D12: pendente | E12: pendente | F12: pendente | G12: pendente
A13: =Calendario!A13 -> 12 | B13: =Calendario!C13 | C13: =Calendario!D13 -> 20:30 | D13: pendente | E13: pendente | F13: pendente | G13: pendente
A14: =Calendario!A14 -> 13 | B14: =Calendario!C14 | C14: =Calendario!D14 -> 09:00 | D14: pendente | E14: pendente | F14: pendente | G14: pendente
... A101: =Calendario!A101 -> 100 | B101: =Calendario!C101 | C101: =Calendario!D101 -> 20:30 | D101: pendente | E101: pendente | F101: pendente | G101: pendente
